{
  "weights": {
    "heightWeight": -2.8441915143291806e-26,
    "linesWeight": 1.0475821161797168e+25,
    "holesWeight": -0.26867706667985897,
    "bumpinessWeight": -0.08620026095053522,
    "wallWeight": 0.2821644334610402
  },
  "generation": 44
}